Name,Price,Rating
"beatXP Marv Neo 1.85” (4.6 cm) Display, Bluetooth Calling Smart",₹999,4.1 out of 5 stars
Noise Twist Bluetooth Calling Smart,"₹1,399",4.0 out of 5 stars
"Fire-Boltt Ninja 3 1.83"" Display Smartwatch Full Touch with 100+ Sports Modes with IP68, Sp02 Tracking, Over 100 Cloud Based","₹1,097",4.2 out of 5 stars
Analog Women's,₹580,4.2 out of 5 stars
Analog Women's,₹580,4.2 out of 5 stars
Analog Women's,₹695.38,4.0 out of 5 stars
Analog Men's,₹440,4.0 out of 5 stars
Spring-Summer'21 Analog White Dial Men's,"₹1,759",4.0 out of 5 stars
Analog Women's,₹330,4.0 out of 5 stars
Analog Women's,₹736,4.1 out of 5 stars
Analog Women's,₹465,4.0 out of 5 stars
"Fire-Boltt Ninja Call Pro Plus 1.83"" Smart","₹1,297",4.2 out of 5 stars
boAt Wave Lite Smart,₹999,3.9 out of 5 stars
"beatXP Marv Neo 1.85” (4.6 cm) Display, Bluetooth Calling Smart",₹999,4.1 out of 5 stars
"Fire-Boltt Phoenix Pro 1.39"" Bluetooth Calling Smartwatch, AI Voice Assistant, Metal Body with 120+ Sports Modes, SpO2, Heart Rate Monitoring (Gold Pink)","₹1,497",4.2 out of 5 stars
Noise Twist Round Dial Smart,"₹1,399",4.0 out of 5 stars
"Fire-Boltt Ninja Call Pro Plus 1.83"" Smart","₹1,297",4.2 out of 5 stars
NoiseFit Force Rugged Round Dial Bluetooth Calling Smart,"₹2,397",3.9 out of 5 stars
"Gen 5E Smartwatch with AMOLED Screen, Wellness Features and Smartphone Notifications","₹11,995",4.0 out of 5 stars
"beatXP Marv Neo 1.85” (4.6 cm) Display, Bluetooth Calling Smart",₹999,4.1 out of 5 stars
Analog Day Date Functioning Stainless Steel Chain,₹299,3.8 out of 5 stars
Analog Unisex-Adult,₹764,4.2 out of 5 stars
"Fire-Boltt Gladiator 1.96"" Biggest Display Smart","₹1,797",3.9 out of 5 stars
Noise Twist Bluetooth Calling Smart,"₹1,399",4.0 out of 5 stars
"ID-116 Smartwatch for Men's Womens Boys Girls, Bluetooth Smart Fitness Band",₹320,2.5 out of 5 stars
"Fire-Boltt Ninja Call Pro Plus 1.83"" Smart","₹1,297",4.2 out of 5 stars
boAt Wave Call Smart,"₹1,199",3.9 out of 5 stars
Men's Digital Sports,₹639,4.2 out of 5 stars
Silicone Strap Analog Wrist,₹449,3.9 out of 5 stars
Noise ColorFit Pulse Grand Smart,"₹1,297",4.0 out of 5 stars
New Limitless FS1 Smart,"₹1,995",3.9 out of 5 stars
Fire-Boltt Phoenix Smart,"₹1,299",4.2 out of 5 stars
Vintage Series Digital Grey Dial Men's,"₹1,675",4.4 out of 5 stars
Fire-Boltt Ninja Call Pro Smart,"₹1,197",4.2 out of 5 stars
Analog Men's,₹815,4.1 out of 5 stars
Premium Brand - A Digital,₹265,4.0 out of 5 stars
Premium Brand Arrow Blk Arrow Boys Mens Black Wrist,₹255,4.3 out of 5 stars
Neo Iv Analog Black Dial Men's,"₹5,000",4.3 out of 5 stars
Noise Pulse Go Buzz Smart,"₹1,497",4.1 out of 5 stars
Day & Date Analog Men's,₹269,3.6 out of 5 stars
boAt Wave Armour Smart,"₹1,697",3.9 out of 5 stars
Mesh Steel Chain Analog Wrist,₹439,3.9 out of 5 stars
"Fire-Boltt Ninja Call Pro Plus 1.83"" Smart","₹1,297",4.2 out of 5 stars
Premium Brand Digital 4 Colours Square Dial Unisex Wrist,₹255,3.9 out of 5 stars
"Fire-Boltt Ninja 3 Smartwatch Full Touch 1.69 & 60 Sports Modes with IP68, Sp02 Tracking, Over 100 Cloud based","₹1,097",4.2 out of 5 stars
Two Tone Chrono Look Analog Stainless Steel,₹399,3.5 out of 5 stars
Fire-Boltt Ring 3 Smart,"₹1,297",4.1 out of 5 stars
Analog Men's,₹399,3.5 out of 5 stars
The,₹0,3.9 out of 5 stars
"HAMMER Active 2.0 1.95"" Display Bluetooth Calling Smart","₹1,849",4.2 out of 5 stars
Analog Men's,₹319,3.8 out of 5 stars
Apple,"₹32,900",4.6 out of 5 stars
Stainless Steel,₹270,3.8 out of 5 stars
New Reflex Beat+ 1.69” UltraVU Display|500 Nits Brightness|60 Sports Modes|24 * 7 Heart Rate Monitor|SpO2 Monitor|Sleep Tracker|IP68 Water Resistant|Music & Camera Control,"₹1,495",3.9 out of 5 stars
Digital Sports Multi Functional Black Dial,₹260,3.8 out of 5 stars
Fire-Boltt Newly Launched Ninja Call Pro Max 2.01” Display Smart,"₹1,499",4.4 out of 5 stars
TIMEX Analog Men's,₹815,4.1 out of 5 stars
TIMEX Analog Men's,₹815,4.1 out of 5 stars
Titan Neo Iv Analog Black Dial Men's,"₹5,000",4.3 out of 5 stars
Titan Karishma Analog Black Dial Men's,"₹1,595",4.3 out of 5 stars
Casio Formal Analog White Dial Men's,"₹3,794",4.2 out of 5 stars
Noise Twist Bluetooth Calling Smart,"₹1,399",4.0 out of 5 stars
Noise Twist Round Dial Smart,"₹1,399",4.0 out of 5 stars
Fastrack Analog Unisex-Adult,₹764,4.2 out of 5 stars
"Fire-Boltt Ninja 3 1.83"" Display Smartwatch Full Touch with 100+ Sports Modes with IP68, Sp02 Tracking, Over 100 Cloud Based","₹1,097",4.2 out of 5 stars
